{
    "서울": {"lat": 37.5665, "lon": 126.9780, "code": "KR", "country": "한국"},
    "제주": {"lat": 33.4996, "lon": 126.5312, "code": "KR", "country": "한국"},
    "부산": {"lat": 35.1796, "lon": 129.0756, "code": "KR", "country": "한국"},
    "도쿄": {"lat": 35.6895, "lon": 139.6917, "code": "JP", "country": "일본"},
    "오사카": {"lat": 34.6937, "lon": 135.5023, "code": "JP", "country": "일본"},
    "후쿠오카": {"lat": 33.5904, "lon": 130.4017, "code": "JP", "country": "일본"},
    "삿포로": {"lat": 43.0618, "lon": 141.3545, "code": "JP", "country": "일본"},
    "오키나와": {"lat": 26.2124, "lon": 127.6809, "code": "JP", "country": "일본"},
    "교토": {"lat": 35.0116, "lon": 135.7681, "code": "JP", "country": "일본"},
    "방콕": {"lat": 13.7563, "lon": 100.5018, "code": "TH", "country": "태국"},
    "치앙마이": {"lat": 18.7061, "lon": 98.9817, "code": "TH", "country": "태국"},
    "푸켓": {"lat": 7.8804, "lon": 98.3923, "code": "TH", "country": "태국"},
    "다낭": {"lat": 16.0544, "lon": 108.2022, "code": "VN", "country": "베트남"},
    "하노이": {"lat": 21.0285, "lon": 105.8542, "code": "VN", "country": "베트남"},
    "호치민": {"lat": 10.8231, "lon": 106.6297, "code": "VN", "country": "베트남"},
    "나트랑": {"lat": 12.2388, "lon": 109.1967, "code": "VN", "country": "베트남"},
    "푸꾸옥": {"lat": 10.2899, "lon": 103.9840, "code": "VN", "country": "베트남"},
    "타이베이": {"lat": 25.0330, "lon": 121.5654, "code": "TW", "country": "대만"},
    "가오슝": {"lat": 22.6273, "lon": 120.3014, "code": "TW", "country": "대만"},
    "싱가포르": {"lat": 1.3521, "lon": 103.8198, "code": "SG", "country": "싱가포르"},
    "홍콩": {"lat": 22.3193, "lon": 114.1694, "code": "HK", "country": "홍콩"},
    "마카오": {"lat": 22.1987, "lon": 113.5439, "code": "MO", "country": "마카오"},
    "발리": {"lat": -8.4095, "lon": 115.1889, "code": "ID", "country": "인도네시아"},
    "자카르타": {"lat": -6.2088, "lon": 106.8456, "code": "ID", "country": "인도네시아"},
    "세부": {"lat": 10.3157, "lon": 123.8854, "code": "PH", "country": "필리핀"},
    "보라카이": {"lat": 11.9674, "lon": 121.9248, "code": "PH", "country": "필리핀"},
    "마닐라": {"lat": 14.5995, "lon": 120.9842, "code": "PH", "country": "필리핀"},
    "쿠알라룸푸르": {"lat": 3.1390, "lon": 101.6869, "code": "MY", "country": "말레이시아"},
    "코타키나발루": {"lat": 5.9804, "lon": 116.0735, "code": "MY", "country": "말레이시아"},
    "파리": {"lat": 48.8566, "lon": 2.3522, "code": "FR", "country": "프랑스"},
    "니스": {"lat": 43.7102, "lon": 7.2620, "code": "FR", "country": "프랑스"},
    "리옹": {"lat": 45.7640, "lon": 4.8357, "code": "FR", "country": "프랑스"},
    "마르세유": {"lat": 43.2965, "lon": 5.3698, "code": "FR", "country": "프랑스"},
    "런던": {"lat": 51.5074, "lon": -0.1278, "code": "GB", "country": "영국"},
    "에든버러": {"lat": 55.9533, "lon": -3.1883, "code": "GB", "country": "영국"},
    "더블린": {"lat": 53.3498, "lon": -6.2603, "code": "IE", "country": "아일랜드"},
    "로마": {"lat": 41.9028, "lon": 12.4964, "code": "IT", "country": "이탈리아"},
    "피렌체": {"lat": 43.7696, "lon": 11.2558, "code": "IT", "country": "이탈리아"},
    "베네치아": {"lat": 45.4408, "lon": 12.3155, "code": "IT", "country": "이탈리아"},
    "밀라노": {"lat": 45.4642, "lon": 9.1900, "code": "IT", "country": "이탈리아"},
    "나폴리": {"lat": 40.8518, "lon": 14.2681, "code": "IT", "country": "이탈리아"},
    "바르셀로나": {"lat": 41.3851, "lon": 2.1734, "code": "ES", "country": "스페인"},
    "마드리드": {"lat": 40.4168, "lon": -3.7038, "code": "ES", "country": "스페인"},
    "세비야": {"lat": 37.3891, "lon": -5.9845, "code": "ES", "country": "스페인"},
    "리스본": {"lat": 38.7223, "lon": -9.1393, "code": "PT", "country": "포르투갈"},
    "포르투": {"lat": 41.1579, "lon": -8.6291, "code": "PT", "country": "포르투갈"},
    "취리히": {"lat": 47.3769, "lon": 8.5417, "code": "CH", "country": "스위스"},
    "제네바": {"lat": 46.2044, "lon": 6.1432, "code": "CH", "country": "스위스"},
    "인터라켄": {"lat": 46.6863, "lon": 7.8632, "code": "CH", "country": "스위스"},
    "베를린": {"lat": 52.5200, "lon": 13.4050, "code": "DE", "country": "독일"},
    "뮌헨": {"lat": 48.1351, "lon": 11.5820, "code": "DE", "country": "독일"},
    "프랑크푸르트": {"lat": 50.1109, "lon": 8.6821, "code": "DE", "country": "독일"},
    "암스테르담": {"lat": 52.3676, "lon": 4.9041, "code": "NL", "country": "네덜란드"},
    "브뤼셀": {"lat": 50.8503, "lon": 4.3517, "code": "BE", "country": "벨기에"},
    "비엔나": {"lat": 48.2082, "lon": 16.3738, "code": "AT", "country": "오스트리아"},
    "잘츠부르크": {"lat": 47.8095, "lon": 13.0550, "code": "AT", "country": "오스트리아"},
    "프라하": {"lat": 50.0755, "lon": 14.4378, "code": "CZ", "country": "체코"},
    "부다페스트": {"lat": 47.4979, "lon": 19.0402, "code": "HU", "country": "헝가리"},
    "아테네": {"lat": 37.9838, "lon": 23.7275, "code": "GR", "country": "그리스"},
    "산토리니": {"lat": 36.3932, "lon": 25.4615, "code": "GR", "country": "그리스"},
    "이스탄불": {"lat": 41.0082, "lon": 28.9784, "code": "TR", "country": "튀르키예"},
    "두브로브니크": {"lat": 42.6507, "lon": 18.0944, "code": "HR", "country": "크로아티아"},
    "자그레브": {"lat": 45.8150, "lon": 15.9819, "code": "HR", "country": "크로아티아"},
    "코펜하겐": {"lat": 55.6761, "lon": 12.5683, "code": "DK", "country": "덴마크"},
    "스톡홀름": {"lat": 59.3293, "lon": 18.0686, "code": "SE", "country": "스웨덴"},
    "오슬로": {"lat": 59.9139, "lon": 10.7522, "code": "NO", "country": "노르웨이"},
    "헬싱키": {"lat": 60.1699, "lon": 24.9384, "code": "FI", "country": "핀란드"},
    "뉴욕": {"lat": 40.7128, "lon": -74.0060, "code": "US", "country": "미국"},
    "LA": {"lat": 34.0522, "lon": -118.2437, "code": "US", "country": "미국"},
    "샌프란시스코": {"lat": 37.7749, "lon": -122.4194, "code": "US", "country": "미국"},
    "라스베이거스": {"lat": 36.1699, "lon": -115.1398, "code": "US", "country": "미국"},
    "시카고": {"lat": 41.8781, "lon": -87.6298, "code": "US", "country": "미국"},
    "하와이": {"lat": 21.3069, "lon": -157.8583, "code": "US", "country": "미국"},
    "밴쿠버": {"lat": 49.2827, "lon": -123.1207, "code": "CA", "country": "캐나다"},
    "토론토": {"lat": 43.6510, "lon": -79.3470, "code": "CA", "country": "캐나다"},
    "칸쿤": {"lat": 21.1619, "lon": -86.8515, "code": "MX", "country": "멕시코"},
    "시드니": {"lat": -33.8688, "lon": 151.2093, "code": "AU", "country": "호주"},
    "멜버른": {"lat": -37.8136, "lon": 144.9631, "code": "AU", "country": "호주"},
    "브리즈번": {"lat": -27.4698, "lon": 153.0251, "code": "AU", "country": "호주"},
    "오클랜드": {"lat": -36.8485, "lon": 174.7633, "code": "NZ", "country": "뉴질랜드"},
    "괌": {"lat": 13.4443, "lon": 144.7937, "code": "GU", "country": "괌"},
    "사이판": {"lat": 15.1833, "lon": 145.7500, "code": "MP", "country": "사이판"}
}
